,Date,Open,High,Low,Close,Volume
0,2020-01-27 00:00:00+05:30,190.00776547687286,199.50070190429688,190.00776547687286,199.50070190429688,278487
1,2020-01-28 00:00:00+05:30,209.44091796875,209.44091796875,209.44091796875,209.44091796875,11605
2,2020-01-29 00:00:00+05:30,219.87818908691406,219.87818908691406,209.88824106781203,219.87818908691406,411876
3,2020-01-30 00:00:00+05:30,229.61963685593128,230.86216735839844,225.64353924803635,230.86216735839844,201654
4,2020-01-31 00:00:00+05:30,238.06884042475613,238.51614836489264,219.33147468336347,227.3333740234375,257465
5,2020-02-03 00:00:00+05:30,232.60170036188637,237.2736118228129,219.7787921782102,228.327392578125,147974
6,2020-02-04 00:00:00+05:30,230.6136516408446,230.76274922787954,222.66145675667755,228.327392578125,128870
7,2020-02-05 00:00:00+05:30,225.74295104684506,239.7089819641283,225.74295104684506,239.60958862304688,343758
8,2020-02-06 00:00:00+05:30,241.2497155038538,245.47431914531998,239.559877080789,240.85211181640625,225507
9,2020-02-07 00:00:00+05:30,246.0210142173499,259.8379459184734,244.03296561761374,255.0169219970703,1131386
10,2020-02-10 00:00:00+05:30,262.4224765171443,279.32089356559675,257.5020429483593,267.9393005371094,1589010
11,2020-02-11 00:00:00+05:30,273.30700352226893,280.2154544615211,266.3985222478014,270.7225341796875,1289501
12,2020-02-12 00:00:00+05:30,272.8596710591042,274.7980305832273,258.9433308229386,261.77630615234375,398669
13,2020-02-13 00:00:00+05:30,263.4164599908938,267.0943623210797,258.8439417881595,262.571533203125,323842
14,2020-02-14 00:00:00+05:30,238.56584353296813,259.9373670161299,238.56584353296813,255.51394653320312,756324
15,2020-02-17 00:00:00+05:30,259.539778293578,262.173936900607,250.49415013821027,253.02891540527344,304146
16,2020-02-18 00:00:00+05:30,251.4881776321766,252.43249779529737,243.5359822920287,245.7725372314453,185817
17,2020-02-19 00:00:00+05:30,248.00907397364438,258.4463295917737,242.54194007843378,251.4881591796875,834919
18,2020-02-20 00:00:00+05:30,252.3827916083152,253.27742267779666,247.01506586186153,248.15818786621094,443645
19,2020-02-24 00:00:00+05:30,248.45639159528284,248.45639159528284,236.77660509042806,238.36705017089844,434167
20,2020-02-25 00:00:00+05:30,242.14435085464112,245.42461925339109,236.5778081258138,238.56585693359375,366231
21,2020-02-26 00:00:00+05:30,236.5778005161174,242.74074858847783,236.5778005161174,240.40480041503906,271434
22,2020-02-27 00:00:00+05:30,242.2437456422469,266.1003466457951,235.6831936379288,257.9990234375,1407584
23,2020-02-28 00:00:00+05:30,252.03488038825452,258.4463344990359,240.55389595679497,255.36485290527344,932068
24,2020-03-02 00:00:00+05:30,256.4086154961867,264.31109156421127,250.59356647636812,254.27145385742188,728983
25,2020-03-03 00:00:00+05:30,257.452315930342,258.24752330492043,244.72880075817795,246.07073974609375,299516
26,2020-03-04 00:00:00+05:30,246.81625762073844,247.5120716561296,233.79453212118386,241.44851684570312,255556
27,2020-03-05 00:00:00+05:30,241.54792854744318,244.5300017393869,235.6831906703306,237.27362060546875,233234
28,2020-03-06 00:00:00+05:30,232.4029027051705,235.13646974579083,228.7250155385848,229.7190399169922,211518
29,2020-03-09 00:00:00+05:30,223.655491553704,230.41486055418213,213.81465599238453,216.15060424804688,353113
30,2020-03-11 00:00:00+05:30,214.0134361268625,227.13455393324864,214.0134361268625,220.47459411621094,194318
31,2020-03-12 00:00:00+05:30,210.38525376656307,219.97759812531046,191.39939722658056,202.0851593017578,735396
32,2020-03-13 00:00:00+05:30,192.84072858656714,223.60577993322204,177.18484469358552,218.93386840820312,613983
33,2020-03-16 00:00:00+05:30,212.77092361989568,218.58595719828543,203.07918582163757,204.32171630859375,214133
34,2020-03-17 00:00:00+05:30,210.73316769584335,214.60985669490282,203.72529281205897,211.57809448242188,563388
35,2020-03-18 00:00:00+05:30,211.8265890527293,215.20626567996757,193.83474276024793,196.7174072265625,639916
36,2020-03-19 00:00:00+05:30,193.83475282439474,197.31383813149927,167.99011911447545,189.75924682617188,309729
37,2020-03-20 00:00:00+05:30,194.08326101943788,199.6000993853943,190.4550780840692,197.2144317626953,1179726
38,2020-03-23 00:00:00+05:30,169.9781612225788,188.8149193303898,157.8013631233005,158.49717712402344,174755
39,2020-03-24 00:00:00+05:30,168.98414596181536,188.86463372202894,151.04200272470092,160.6840362548828,106611
40,2020-03-25 00:00:00+05:30,151.09170335672343,170.8727821370407,150.14738324426554,166.05177307128906,118310
41,2020-03-26 00:00:00+05:30,166.0517807106202,183.7951073271229,154.67020425056052,161.13136291503906,252059
42,2020-03-27 00:00:00+05:30,170.972188253431,171.96621260374167,154.07377429815003,167.49310302734375,197725
43,2020-03-30 00:00:00+05:30,155.31630017781657,183.6956975798287,155.31630017781657,174.6500701904297,197986
44,2020-03-31 00:00:00+05:30,183.39751161944002,191.89642372800913,176.48904470306974,183.5963134765625,225747
45,2020-04-01 00:00:00+05:30,189.11313481439174,200.2959088835739,184.09330875425945,191.20059204101562,184046
46,2020-04-03 00:00:00+05:30,196.5186087823888,196.5186087823888,186.03164897265154,188.26820373535156,65935
47,2020-04-07 00:00:00+05:30,193.8347472728542,211.6277769811141,188.46702187695672,206.40914916992188,566380
48,2020-04-08 00:00:00+05:30,207.75111050465424,231.60769735686333,202.78098824377733,218.08895874023438,541973
49,2020-04-09 00:00:00+05:30,226.63755714807297,230.1166424551706,215.10686834893474,217.39312744140625,280454
50,2020-04-13 00:00:00+05:30,214.70926746907705,223.60578269411204,207.30378882368845,208.5960235595703,125399
51,2020-04-15 00:00:00+05:30,215.70328946311204,219.67938696473624,201.73724395513543,204.8187255859375,169897
52,2020-04-16 00:00:00+05:30,206.75708115705856,213.7152521575365,204.86844080968677,210.18646240234375,109519
53,2020-04-17 00:00:00+05:30,216.697307101797,230.6136479248482,213.71523406828607,226.33934020996094,1185388
54,2020-04-20 00:00:00+05:30,229.12263013540414,230.2160630707729,219.67939809077794,220.62371826171875,198729
55,2020-04-21 00:00:00+05:30,216.69731858685742,218.68536738123225,211.3792819948613,213.91404724121094,115052
56,2020-04-22 00:00:00+05:30,213.914048044804,228.42681036530263,208.74512419353346,226.23995971679688,358737
57,2020-04-23 00:00:00+05:30,230.21607025405294,230.21607025405294,221.6674538588214,223.05908203125,374473
58,2020-04-24 00:00:00+05:30,222.21416060753486,222.21416060753486,209.78885544235854,214.36135864257812,124698
59,2020-04-27 00:00:00+05:30,218.68536643141562,225.5938329283409,217.74104629171075,221.86624145507812,163172
60,2020-04-28 00:00:00+05:30,227.58187962518844,240.25569051795347,222.76087046458403,233.14842224121094,770193
61,2020-04-29 00:00:00+05:30,238.26764432116937,246.51804982880012,235.58378148961947,241.5479278564453,723475
62,2020-04-30 00:00:00+05:30,245.52403690775785,246.0210491282189,236.57781693945898,241.69703674316406,444531
63,2020-05-04 00:00:00+05:30,231.6076842235139,235.9813854980304,222.31355005565564,224.35130310058594,227130
64,2020-05-05 00:00:00+05:30,227.63158636250148,230.51425103978667,218.6853668111368,219.72909545898438,188799
65,2020-05-06 00:00:00+05:30,222.2638592235752,224.94772203765027,218.68536535973612,219.97760009765625,123333
66,2020-05-07 00:00:00+05:30,222.06504760258827,223.30757811774959,218.685370668393,219.57998657226562,85737
67,2020-05-08 00:00:00+05:30,223.45668940164535,235.48437560826116,219.87819547461413,228.12860107421875,715704
68,2020-05-11 00:00:00+05:30,231.30946860693336,232.5022948212353,225.64353271329304,227.83038330078125,166538
69,2020-05-12 00:00:00+05:30,225.34531239401733,227.9794859669373,219.67937675115166,225.89202880859375,111903
70,2020-05-13 00:00:00+05:30,233.5957274468376,233.5957274468376,225.84233431082518,229.96754455566406,175776
71,2020-05-14 00:00:00+05:30,225.74293493462895,240.25568127865586,225.4447245974514,236.77659606933594,327433
72,2020-05-15 00:00:00+05:30,237.57183001544462,239.21196419746178,228.62561047511406,230.16635131835938,133943
73,2020-05-18 00:00:00+05:30,232.4525950619104,232.4525950619104,221.91593112295976,226.4884490966797,179445
74,2020-05-19 00:00:00+05:30,226.63755952642202,227.5818796575938,220.0769925257191,221.17042541503906,110974
75,2020-05-20 00:00:00+05:30,220.1764030207207,225.494439589619,218.68536643141562,221.86624145507812,93708
76,2020-05-21 00:00:00+05:30,221.66744106989879,226.09084661378088,220.6734166704822,221.61773681640625,36269
77,2020-05-22 00:00:00+05:30,221.61774815847846,224.64952576538272,217.6913546133576,220.2261199951172,120960
78,2020-05-26 00:00:00+05:30,223.655488774486,239.55987908733835,223.655488774486,234.78855895996094,599357
79,2020-05-27 00:00:00+05:30,238.01913123010124,248.50609131720907,235.78257640824634,244.33119201660156,1328007
80,2020-05-28 00:00:00+05:30,246.46834182936303,247.41266195623555,240.70299739553997,244.77850341796875,267676
81,2020-05-29 00:00:00+05:30,245.52400974308418,261.1798929554468,243.53596108119683,258.3966369628906,888724
82,2020-06-01 00:00:00+05:30,259.44037452110877,266.29913697588756,253.77443834095118,258.44635009765625,371822
83,2020-06-02 00:00:00+05:30,259.9870732459111,270.3746405022348,258.59544513389903,268.1877746582031,584132
84,2020-06-03 00:00:00+05:30,269.67881437986307,278.22743050226967,268.4860032709433,270.7722473144531,466984
85,2020-06-04 00:00:00+05:30,268.38660406068317,274.3507508175872,257.0547312896092,267.1440734863281,353166
86,2020-06-05 00:00:00+05:30,269.3806025043298,278.27713269160347,268.48598664423685,274.6986389160156,539361
87,2020-06-08 00:00:00+05:30,275.4441730381442,282.9987647023742,263.4661605677902,265.8021240234375,596347
88,2020-06-09 00:00:00+05:30,267.39257708462804,270.3249613465953,258.44635703346944,262.4224548339844,223993
89,2020-06-10 00:00:00+05:30,262.67092017050203,272.1638400614998,262.67092017050203,266.2991027832031,290124
90,2020-06-11 00:00:00+05:30,268.2871812922933,281.1598094927138,266.3985409866701,278.87353515625,546677
91,2020-06-12 00:00:00+05:30,271.16985572627146,287.0245577150976,268.6351055324853,279.27117919921875,591660
92,2020-06-15 00:00:00+05:30,281.3088794027515,297.2132683442498,281.3088794027515,295.2252197265625,1187824
93,2020-06-16 00:00:00+05:30,303.0780227910356,307.15352875416977,293.8832974157085,298.6546325683594,1159434
94,2020-06-17 00:00:00+05:30,298.20731138965897,303.07802474198013,292.69048826303685,299.3504333496094,257933
95,2020-06-18 00:00:00+05:30,300.59299057970065,303.67447247215756,297.2133134833882,301.0403137207031,183776
96,2020-06-19 00:00:00+05:30,303.17740699533783,313.0182413520782,283.644835857599,294.3305969238281,1754066
97,2020-06-22 00:00:00+05:30,291.2988406490571,302.1834200514445,288.267078338549,293.33660888671875,429532
98,2020-06-23 00:00:00+05:30,297.61090659770014,300.592979870894,291.7958576479286,293.535400390625,232163
99,2020-06-24 00:00:00+05:30,294.62882634028944,298.00850323608313,283.2969542378201,284.3406677246094,190828
100,2020-06-25 00:00:00+05:30,283.4460310760324,315.1057119914252,280.6130556740507,308.9427490234375,740217
101,2020-06-26 00:00:00+05:30,288.2670908111769,303.12776848880617,283.9430783819655,290.1557312011719,3009539
102,2020-06-29 00:00:00+05:30,285.2850255322377,285.98085480177,273.6052379015625,277.5316467285156,2048648
103,2020-06-30 00:00:00+05:30,281.2592272839144,283.1975567397622,269.97704382881443,272.16387939453125,1433608
104,2020-07-01 00:00:00+05:30,274.0525566452723,278.9729595371055,265.7524463102982,275.1956787109375,729424
105,2020-07-02 00:00:00+05:30,275.3447638150722,277.7801357735165,268.5356904840097,270.0764465332031,676314
106,2020-07-03 00:00:00+05:30,272.16385000181043,278.1777154122974,270.8716305041337,276.1896667480469,548437
107,2020-07-06 00:00:00+05:30,278.27711249777144,279.66874043861986,273.35668012149887,273.90338134765625,482198
108,2020-07-07 00:00:00+05:30,273.95315926495607,283.0981664971358,273.95315926495607,278.42626953125,909320
109,2020-07-08 00:00:00+05:30,281.3088744523061,282.99872788168824,272.8596679758234,273.90338134765625,580914
110,2020-07-09 00:00:00+05:30,275.19565189676035,276.68668844631634,271.71656661446303,273.50579833984375,199987
111,2020-07-10 00:00:00+05:30,272.90938786620325,277.3328085961791,269.92731465549167,271.7662658691406,244409
112,2020-07-13 00:00:00+05:30,272.3626920117637,276.33878970536614,271.4680760977468,272.9093933105469,275424
113,2020-07-14 00:00:00+05:30,271.0704560348205,274.5495413067404,267.54165134360056,269.4800109863281,248843
114,2020-07-15 00:00:00+05:30,271.0207347939518,273.3566980992981,265.0565886536035,266.64703369140625,209049
115,2020-07-16 00:00:00+05:30,266.64703332648514,266.64703332648514,261.0308017857198,263.5655517578125,215055
116,2020-07-17 00:00:00+05:30,263.4164585319313,268.83390349242933,258.5954342615678,262.8200378417969,391635
117,2020-07-20 00:00:00+05:30,264.3608045104705,268.38659124505926,262.4721338594607,267.24346923828125,239962
118,2020-07-21 00:00:00+05:30,269.4800439635693,270.37465993306853,264.41051302278026,264.95721435546875,195293
119,2020-07-22 00:00:00+05:30,265.40450411104945,278.3268207906137,262.86975412722137,275.8914489746094,640230
120,2020-07-23 00:00:00+05:30,278.9232457241612,283.0484408138429,275.94117259881784,277.2831115722656,669501
121,2020-07-24 00:00:00+05:30,275.74236958961046,277.8298269503779,270.1758267393035,273.8537292480469,205457
122,2020-07-27 00:00:00+05:30,274.64891044760856,274.74831894772495,264.4104719751385,265.7524108886719,283991
123,2020-07-28 00:00:00+05:30,266.3985508292866,276.289106175133,266.3488617412044,270.9710693359375,670548
124,2020-07-29 00:00:00+05:30,272.0645086261438,276.1399846707832,268.9830267128253,274.0028381347656,347721
125,2020-07-30 00:00:00+05:30,274.64893076725565,275.3447599843355,264.5099000447752,266.5476379394531,219252
126,2020-07-31 00:00:00+05:30,266.39851559937773,269.9272897726717,262.72061351112137,265.5535888671875,318527
127,2020-08-03 00:00:00+05:30,265.10629923794534,274.3010242312363,264.5098785767429,270.27520751953125,233585
128,2020-08-04 00:00:00+05:30,272.7602669110951,280.7124614585627,270.9710352720008,277.8794860839844,580866
129,2020-08-05 00:00:00+05:30,279.32084143492614,283.09812181846524,275.34474404795213,277.581298828125,532949
130,2020-08-06 00:00:00+05:30,278.67474039157605,284.09215504961753,275.34475265880354,281.30889892578125,818526
131,2020-08-07 00:00:00+05:30,285.03650402572515,291.7461688981703,283.7939734937909,285.2353210449219,3252045
132,2020-08-10 00:00:00+05:30,287.67063482018165,290.6527078079552,283.4957508384277,284.73828125,1026373
133,2020-08-11 00:00:00+05:30,286.4778463503572,288.8634988611036,271.4680717313856,273.6549072265625,798885
134,2020-08-12 00:00:00+05:30,273.1082177041266,276.0902910548541,268.88361379059603,271.6668701171875,289507
135,2020-08-13 00:00:00+05:30,274.35074826692977,275.34477271717225,269.38062601571727,271.6668701171875,231537
136,2020-08-14 00:00:00+05:30,272.76029811409063,275.2453591944581,266.6967430109503,268.3865966796875,345418
137,2020-08-17 00:00:00+05:30,271.96507483140056,273.30701380353116,268.3865810174578,268.9830017089844,165700
138,2020-08-18 00:00:00+05:30,270.37461150610477,276.7860804203905,269.380587199097,273.1578674316406,378662
139,2020-08-19 00:00:00+05:30,276.1896629437764,281.3088821166657,274.2016143069095,277.8794860839844,469671
140,2020-08-20 00:00:00+05:30,278.12802037918857,282.30293507423266,274.3507397200289,279.32086181640625,713308
141,2020-08-21 00:00:00+05:30,283.1975434510442,290.25512270720105,279.3208543860394,285.7820129394531,1132898
142,2020-08-24 00:00:00+05:30,288.56528709248556,291.7461774819126,287.2730674353415,288.9629211425781,739179
143,2020-08-25 00:00:00+05:30,290.25512759103185,292.2431764101485,278.7244383731117,282.89935302734375,500180
144,2020-08-26 00:00:00+05:30,281.6071158530882,289.7581285148667,280.41430470870387,285.8814392089844,348150
145,2020-08-27 00:00:00+05:30,288.06825025120025,288.06825025120025,281.3088966702421,282.750244140625,204227
146,2020-08-28 00:00:00+05:30,285.0861914824982,285.0861914824982,282.30293524097016,282.40234375,227696
147,2020-08-31 00:00:00+05:30,285.1855872380745,286.0305140242163,264.5098923636339,266.8458557128906,428363
148,2020-09-01 00:00:00+05:30,267.09435360720545,272.06447533167733,260.4840674454854,269.28118896484375,210705
149,2020-09-02 00:00:00+05:30,269.9286127911995,278.69381019907973,268.53415371225424,277.00054931640625,290795
150,2020-09-03 00:00:00+05:30,278.79344757997177,282.87724487051685,273.9128251387047,275.10809326171875,131863
151,2020-09-04 00:00:00+05:30,272.86698082664185,277.6479923933882,269.18159621278267,270.1776428222656,203678
152,2020-09-07 00:00:00+05:30,271.92072088299636,273.71359259817825,268.9325810930733,269.33099365234375,111672
153,2020-09-08 00:00:00+05:30,271.72149522091286,275.7056815461282,265.49620408776394,267.4385070800781,122075
154,2020-09-09 00:00:00+05:30,266.24324882642657,268.1855518902535,256.98002743801453,262.3586730957031,197520
155,2020-09-10 00:00:00+05:30,265.39663198963854,271.62192331612727,265.39663198963854,269.0321960449219,121711
156,2020-09-11 00:00:00+05:30,269.0321972537779,275.3570993492965,268.832975771663,273.315185546875,153245
157,2020-09-14 00:00:00+05:30,275.2076693860508,280.53652489093383,274.4108442475524,275.4068908691406,566377
158,2020-09-15 00:00:00+05:30,276.7017630360822,282.77765402795484,275.7555369026254,281.3334045410156,616306
159,2020-09-16 00:00:00+05:30,282.2796245819563,290.5468303094917,282.2796245819563,286.1144104003906,911032
160,2020-09-17 00:00:00+05:30,285.81557526238305,289.74994097355227,281.98078989061565,284.1222839355469,343598
161,2020-09-18 00:00:00+05:30,287.16023738346377,307.778415222168,286.4132023950604,298.8139953613281,3025644
162,2020-09-21 00:00:00+05:30,301.8021053053187,310.318291167539,301.20447129463537,302.0511169433594,1838905
163,2020-09-22 00:00:00+05:30,303.7941960460697,304.79024259048305,283.87326515780285,294.5309753417969,695837
164,2020-09-23 00:00:00+05:30,296.92151999538146,307.878033424016,294.53101405397496,303.74444580078125,1265307
165,2020-09-24 00:00:00+05:30,301.3539107914796,303.6946265682156,285.3673737406953,288.4053039550781,862447
166,2020-09-25 00:00:00+05:30,291.8416684159061,299.71043087060053,286.36341184154605,293.3855285644531,516098
167,2020-09-28 00:00:00+05:30,295.7262421030226,303.89383673096233,289.1523281825993,294.6305847167969,887219
168,2020-09-29 00:00:00+05:30,295.82587146518813,301.70254094689443,293.8337780546481,296.5729064941406,805551
169,2020-09-30 00:00:00+05:30,280.3871168030633,292.28988578526895,280.08831498300424,286.8614196777344,8170236
170,2020-10-01 00:00:00+05:30,300.4076587377147,301.0550829442303,289.10252381989363,290.19818115234375,5515333
171,2020-10-05 00:00:00+05:30,289.7997770876333,290.7460031412172,283.22586329719553,285.21795654296875,1581118
172,2020-10-06 00:00:00+05:30,286.06460606328625,293.58474600750503,282.6282330097695,291.4930419921875,1038933
173,2020-10-07 00:00:00+05:30,292.28988016332096,293.6345187246535,283.8732744293629,285.06854248046875,753017
174,2020-10-08 00:00:00+05:30,285.66615167090424,290.0985711833793,281.8811867635926,282.47882080078125,349061
175,2020-10-09 00:00:00+05:30,282.8772229079325,286.3633858663049,281.4329432378353,282.13018798828125,504324
176,2020-10-12 00:00:00+05:30,283.67406489193155,284.86933299333316,273.91282018589726,276.5523376464844,670011
177,2020-10-13 00:00:00+05:30,277.6479943905471,279.49068671073144,274.4606330585023,275.5065002441406,269621
178,2020-10-14 00:00:00+05:30,275.8052991120159,283.57448087669235,275.4068865490164,282.27960205078125,356612
179,2020-10-15 00:00:00+05:30,282.57844010598484,282.8772419351722,273.9128222963816,275.3072814941406,211739
180,2020-10-16 00:00:00+05:30,276.9009586749691,278.7436509901418,273.91281883315287,276.6519470214844,221957
181,2020-10-19 00:00:00+05:30,277.4986215914489,281.58241921282934,276.8013767303839,278.94287109375,144519
182,2020-10-20 00:00:00+05:30,279.5902994199988,282.57843929097737,277.00057211909797,278.64404296875,167204
183,2020-10-21 00:00:00+05:30,279.7396877741416,282.87722841841065,273.91280920796805,275.1578674316406,241947
184,2020-10-22 00:00:00+05:30,275.70567464119154,277.398965945772,273.9128029985181,274.51043701171875,153751
185,2020-10-23 00:00:00+05:30,275.1081039418656,280.28752841649435,274.3112483632773,278.69384765625,215588
186,2020-10-26 00:00:00+05:30,279.789471601646,280.28749487982515,273.9128029985181,274.51043701171875,199151
187,2020-10-27 00:00:00+05:30,274.51044394505465,276.1041245548653,269.9286235906975,274.0124206542969,204603
188,2020-10-28 00:00:00+05:30,274.4108239667047,276.104115257031,268.9325679528504,269.18157958984375,152297
189,2020-10-29 00:00:00+05:30,268.83297882593126,272.617974250604,264.9981932286293,266.5420837402344,196460
190,2020-10-30 00:00:00+05:30,267.0401126624799,271.87094498926643,263.95236197135324,266.1436767578125,198778
191,2020-11-02 00:00:00+05:30,268.683578515261,271.4227067485028,266.19346193958665,267.5879211425781,264948
192,2020-11-03 00:00:00+05:30,268.9325949188233,271.8211241181948,264.50017517712945,270.5262756347656,308820
193,2020-11-04 00:00:00+05:30,271.57212734138085,274.85909969759877,271.57212734138085,273.813232421875,210583
194,2020-11-05 00:00:00+05:30,276.900942213566,288.255866858046,275.3072616466202,284.42108154296875,1092717
195,2020-11-06 00:00:00+05:30,286.5626051374188,288.35547677204875,277.89698797720763,278.9926452636719,369014
196,2020-11-09 00:00:00+05:30,279.88910066628756,283.37526384184633,273.9626111090655,275.4068908691406,222100
197,2020-11-10 00:00:00+05:30,275.9546953055482,277.05035263276216,268.9325790123314,270.5760498046875,229870
198,2020-11-11 00:00:00+05:30,269.0321904700903,272.767365188584,268.48434660655346,269.43060302734375,150903
199,2020-11-12 00:00:00+05:30,270.02823918308144,275.108082919527,268.43455854461797,270.3768615722656,260695
200,2020-11-13 00:00:00+05:30,270.52628124035203,274.0622347547067,268.3847869824922,270.12786865234375,166628
201,2020-11-14 00:00:00+05:30,274.7096530235899,275.7056996703715,271.62193273611206,274.90887451171875,80615
202,2020-11-17 00:00:00+05:30,277.8970095304594,278.8432659869161,272.3191423278812,276.3531494140625,251862
203,2020-11-18 00:00:00+05:30,275.90491342361287,278.8930532801863,273.96261035806793,276.5523376464844,210637
204,2020-11-19 00:00:00+05:30,277.69780354926843,288.4551259827179,276.0045424233545,280.6859436035156,409668
205,2020-11-20 00:00:00+05:30,280.8851519437363,283.7238909417028,277.99662277263724,280.5365295410156,173929
206,2020-11-23 00:00:00+05:30,283.8732947511069,283.8732947511069,277.3989915374852,280.33734130859375,234741
207,2020-11-24 00:00:00+05:30,283.02664126418847,283.02664126418847,277.29937319371317,279.78948974609375,242001
208,2020-11-25 00:00:00+05:30,280.88517411183847,286.7618436610328,279.88912739512983,281.1341857910156,518665
209,2020-11-26 00:00:00+05:30,282.47884326144685,282.57845400838687,273.215590940801,278.69384765625,178643
210,2020-11-27 00:00:00+05:30,278.84325200556776,282.37920520295296,278.5444197936505,281.7317810058594,643781
211,2020-12-01 00:00:00+05:30,283.87327437853503,287.8574606856022,282.13019286919314,287.25982666015625,501695
212,2020-12-02 00:00:00+05:30,287.2598329695167,288.8037234355727,282.3792107155475,285.7159729003906,411789
213,2020-12-03 00:00:00+05:30,287.8574703759575,295.1285984723567,286.8614237656601,290.9452209472656,713438
214,2020-12-04 00:00:00+05:30,292.7380902926507,308.5254350161224,291.84165443010124,305.33807373046875,3059932
215,2020-12-07 00:00:00+05:30,310.7665642919298,320.6274203487296,308.7744709310841,316.69305419921875,2880838
216,2020-12-08 00:00:00+05:30,318.73490047609397,320.1293595862911,303.8938127520616,307.2803649902344,1084557
217,2020-12-09 00:00:00+05:30,308.7744432613656,313.25665292161125,303.2961870099543,304.491455078125,490857
218,2020-12-10 00:00:00+05:30,303.7942157514842,312.6590244923874,297.0211109689117,308.47564697265625,781595
219,2020-12-11 00:00:00+05:30,310.46775022017295,311.56337720794573,302.1009341165652,303.39581298828125,381090
220,2020-12-14 00:00:00+05:30,303.8938209672245,306.68273926301157,298.564965626449,300.10882568359375,330697
221,2020-12-15 00:00:00+05:30,301.7523597951432,302.64879574537446,294.3317997245332,298.8638000488281,379066
222,2020-12-16 00:00:00+05:30,300.5072798311413,306.0851166304852,298.3657552633627,299.31201171875,404030
223,2020-12-17 00:00:00+05:30,301.00530559140736,307.77841055818726,299.41162489424414,305.68670654296875,545558
224,2020-12-18 00:00:00+05:30,306.881968458603,308.47564912353516,298.8139847898899,302.84796142578125,404308
225,2020-12-21 00:00:00+05:30,303.29619064482023,303.29619064482023,288.9531256395251,292.1902770996094,588445
226,2020-12-22 00:00:00+05:30,292.3396960823182,296.32388274102095,277.89701944452054,290.8954162597656,434471
227,2020-12-23 00:00:00+05:30,293.68435884116985,300.0590512785732,289.7997830118874,292.4393005371094,328747
228,2020-12-24 00:00:00+05:30,293.833761133977,297.41953514584577,289.8993647159529,292.3396911621094,220817
229,2020-12-28 00:00:00+05:30,294.6305868768077,296.8219016653243,291.3934352646859,293.3855285644531,204455
230,2020-12-29 00:00:00+05:30,293.88353111423925,298.81397384139393,291.4432352326921,292.68829345703125,209836
231,2020-12-30 00:00:00+05:30,294.580791261642,294.9792038348498,290.89540656637575,291.5926513671875,147677
232,2020-12-31 00:00:00+05:30,292.58870074496065,294.73019494336734,290.3973859763536,291.3934326171875,164605
233,2021-01-01 00:00:00+05:30,292.588717928526,310.66695944199984,291.74207215470796,306.48358154296875,2142910
234,2021-01-04 00:00:00+05:30,311.5633666715198,337.1617766433945,309.8701056769046,326.00604248046875,5265104
235,2021-01-05 00:00:00+05:30,326.0060574324534,331.5839247697403,319.2827425233768,321.67327880859375,1026191
236,2021-01-06 00:00:00+05:30,323.7151553904825,333.62583153736347,312.1112182074099,317.7886657714844,999356
237,2021-01-07 00:00:00+05:30,321.92229446210064,327.5997422175336,319.73097963913443,323.5657653808594,511192
238,2021-01-08 00:00:00+05:30,326.60369998621286,327.3009448203317,319.7807741552273,321.0756530761719,1208466
239,2021-01-11 00:00:00+05:30,325.2092300891637,331.58392254751294,320.7270201798184,322.9183349609375,630320
240,2021-01-12 00:00:00+05:30,323.8147513408383,323.8147513408383,316.8424252355471,317.7388610839844,360651
241,2021-01-13 00:00:00+05:30,318.5357025519505,321.5238424648091,309.4218818971181,311.11517333984375,522618
242,2021-01-14 00:00:00+05:30,311.7625984228766,322.6195007230729,307.3301787146415,319.78076171875,448352
243,2021-01-15 00:00:00+05:30,322.5198985198174,324.71121334533785,314.8005368528653,319.18316650390625,432236
244,2021-01-18 00:00:00+05:30,319.33255082800855,319.8305741354768,309.02346228403036,313.8044738769531,276538
245,2021-01-19 00:00:00+05:30,315.0495129093474,322.6194728000442,315.0495129093474,319.58154296875,242211
246,2021-01-20 00:00:00+05:30,321.9720494092983,330.63766661017615,316.84241572237966,325.0099792480469,975686
247,2021-01-21 00:00:00+05:30,327.6993347540172,329.69142797440634,316.4440202175905,318.28668212890625,396156
248,2021-01-22 00:00:00+05:30,318.5357003648688,320.22899179596817,309.3222690301481,312.3602294921875,417460
249,2021-01-25 00:00:00+05:30,316.14518762535863,317.68907810750653,304.7902623618521,306.2843322753906,402219
250,2021-01-27 00:00:00+05:30,306.7823486328125,308.7744418057529,303.794208873402,306.7823486328125,276143
251,2021-01-28 00:00:00+05:30,303.4954353077175,316.64323323485536,302.4993886285283,313.4559020996094,569030
252,2021-01-29 00:00:00+05:30,318.6352870360496,319.53172285664476,308.97365368552363,311.8621826171875,233865
253,2021-02-01 00:00:00+05:30,312.5594243411484,320.22899564921784,310.81634271630816,318.63531494140625,382135
254,2021-02-02 00:00:00+05:30,322.519886097222,323.66536403735586,312.21082781146356,313.50567626953125,390413
255,2021-02-03 00:00:00+05:30,314.5514922299699,322.7190861999753,312.8582313121396,314.9997253417969,441057
256,2021-02-04 00:00:00+05:30,317.5396704849309,323.51595058487516,315.29856544745184,320.9760437011719,407219
257,2021-02-05 00:00:00+05:30,322.5696958769993,332.6795627370784,307.33016473501715,317.5396423339844,1740315
258,2021-02-08 00:00:00+05:30,313.4558965176966,313.4558965176966,302.0013599109993,304.0432434082031,907714
259,2021-02-09 00:00:00+05:30,305.0392615725598,310.4677275291124,304.59102845800805,307.1807556152344,359580
260,2021-02-10 00:00:00+05:30,307.77839942844724,308.12702181786545,302.7981664279869,304.292236328125,227577
261,2021-02-11 00:00:00+05:30,305.4875154539052,307.280387240132,304.04323567277237,305.68670654296875,177807
262,2021-02-12 00:00:00+05:30,306.0851038635116,308.8242319763046,304.7902554598722,306.7823486328125,189728
263,2021-02-15 00:00:00+05:30,308.7744544745086,310.7665477291829,303.14679710944006,303.6946105957031,361558
264,2021-02-16 00:00:00+05:30,304.7902540520056,306.0851024496639,297.0211028721968,300.30804443359375,421885
265,2021-02-17 00:00:00+05:30,302.3997694810409,308.5752404823097,292.19029130295473,296.6226806640625,563630
266,2021-02-18 00:00:00+05:30,296.6226751932578,303.2961997941343,295.32782672893535,297.0211181640625,348499
267,2021-02-19 00:00:00+05:30,296.8219089922005,303.54522404487625,295.52706047416183,298.31597900390625,341340
268,2021-02-22 00:00:00+05:30,302.7981637213446,303.6448094032409,296.4732617879109,297.91754150390625,310758
269,2021-02-23 00:00:00+05:30,303.79421244926584,303.8938231884713,295.2282056254088,296.6724853515625,276407
270,2021-02-24 00:00:00+05:30,296.9215198847674,299.81004916276305,294.1325709567219,296.1246643066406,115909
271,2021-02-25 00:00:00+05:30,299.21237588268673,300.80605643324185,296.2242362492439,296.7222595214844,454388
272,2021-02-26 00:00:00+05:30,294.38157808538966,298.6147763886808,292.38948476619385,293.18634033203125,230412
273,2021-03-01 00:00:00+05:30,296.8218841742128,307.2803733816935,292.38946468465156,297.91754150390625,760969
274,2021-03-02 00:00:00+05:30,299.16262750988506,300.7563082830914,294.92942910442605,298.11676025390625,556285
275,2021-03-03 00:00:00+05:30,300.20846436893135,304.192651103481,297.31993506576936,298.11676025390625,664979
276,2021-03-04 00:00:00+05:30,297.6685333064775,300.80607402570394,292.6883002928069,294.3815612792969,474495
277,2021-03-05 00:00:00+05:30,295.2780550534463,295.82586857722356,289.7997982279421,291.3436584472656,362670
278,2021-03-08 00:00:00+05:30,294.7799937285883,294.8297838981779,288.0566793998292,289.65032958984375,377412
279,2021-03-09 00:00:00+05:30,291.2440449532586,297.270145642675,290.09859734356326,291.5428771972656,221544
280,2021-03-10 00:00:00+05:30,291.84166524082514,293.5847468591577,287.1602338785309,288.1562805175781,279906
281,2021-03-12 00:00:00+05:30,289.74998381115876,291.5428861393944,279.88912739512983,281.1341857910156,494667
282,2021-03-15 00:00:00+05:30,282.6780134155185,284.2219038863761,268.7333609911349,271.4226989746094,740218
283,2021-03-16 00:00:00+05:30,273.11599309712597,281.28355707521325,272.0203357448289,273.414794921875,528428
284,2021-03-17 00:00:00+05:30,276.7017601946362,287.0606701582425,274.36107477485166,276.1041564941406,1238165
285,2021-03-18 00:00:00+05:30,285.86536039232465,285.86536039232465,276.6021396185225,278.9926452636719,714117
286,2021-03-19 00:00:00+05:30,279.29145602540575,280.88513663891314,273.01637470607415,279.44085693359375,360431
287,2021-03-22 00:00:00+05:30,279.54049326286236,284.12231404730613,276.50256306284723,280.8851623535156,357155
288,2021-03-23 00:00:00+05:30,280.8851562780995,281.88120293156794,277.2993822462268,278.0464172363281,313802
289,2021-03-24 00:00:00+05:30,278.2456524065144,280.23774581139804,272.418773117843,273.813232421875,384162
290,2021-03-25 00:00:00+05:30,274.9088472406915,275.70567232029896,267.13969632526937,269.18157958984375,380444
291,2021-03-26 00:00:00+05:30,273.9128322008541,275.90492552595117,268.9325988881113,272.41876220703125,361489
292,2021-03-30 00:00:00+05:30,274.90887129934214,284.71993673488237,271.62192956214415,283.873291015625,580785
293,2021-03-31 00:00:00+05:30,285.4669537065208,291.6922447835257,277.0005578417942,289.5507507324219,736934
294,2021-04-01 00:00:00+05:30,290.6463937498622,292.6384870048905,285.8653820965665,287.3096618652344,219064
295,2021-04-05 00:00:00+05:30,287.1602278876063,287.1602278876063,279.19185494147024,280.9349365234375,252144
296,2021-04-06 00:00:00+05:30,280.5365102061419,288.9032953101342,279.98869675171613,284.1222839355469,400705
297,2021-04-07 00:00:00+05:30,285.76575890149843,296.6226605889011,284.86932305518616,292.58868408203125,1449352
298,2021-04-08 00:00:00+05:30,293.83373595066246,296.62265416701587,288.85350313793936,289.74993896484375,441078
299,2021-04-09 00:00:00+05:30,289.3515395532789,296.72227837129134,289.3515395532789,292.0906677246094,471467
300,2021-04-12 00:00:00+05:30,286.8614455050042,288.3057253581601,277.0005893951562,278.4946594238281,463440
301,2021-04-13 00:00:00+05:30,281.4827624472307,284.22189047274935,278.5444129519938,282.22979736328125,166213
302,2021-04-15 00:00:00+05:30,282.87725294226425,283.5744977667398,277.89701961581596,281.0843811035156,131186
303,2021-04-16 00:00:00+05:30,281.28356059923846,294.7301900261557,280.8353578564996,292.83770751953125,553874
304,2021-04-19 00:00:00+05:30,289.0527484648124,289.79978344837383,281.88120046385006,283.674072265625,253174
305,2021-04-20 00:00:00+05:30,284.8693449861816,290.7460142054612,281.2835709279482,288.8037414550781,442468
306,2021-04-22 00:00:00+05:30,283.9729017585255,301.50332861642045,283.9729017585255,298.06695556640625,1312047
307,2021-04-23 00:00:00+05:30,298.81397805169587,302.59894294824545,291.8416518971563,294.5807800292969,507629
308,2021-04-26 00:00:00+05:30,300.8060818718272,300.8060818718272,293.8337554708246,294.9294128417969,283494
309,2021-04-27 00:00:00+05:30,294.5309991235131,307.28038376267347,294.5309991235131,304.8400573730469,1185139
310,2021-04-28 00:00:00+05:30,307.77841964920924,313.1570655636925,304.79027965261497,306.13494873046875,998483
311,2021-04-29 00:00:00+05:30,309.4717040994654,309.4717040994654,298.21635879683987,306.6329650878906,466927
312,2021-04-30 00:00:00+05:30,303.5949874464988,308.4258194710473,297.3199061094924,298.01715087890625,367744
313,2021-05-03 00:00:00+05:30,298.3159817494068,303.246424992185,296.02508653581367,298.11676025390625,230591
314,2021-05-04 00:00:00+05:30,302.7981890390234,307.2803990741405,297.17053140765165,298.31597900390625,299504
315,2021-05-05 00:00:00+05:30,301.8021437528814,302.79819043193385,295.87565385374666,298.21636962890625,167123
316,2021-05-06 00:00:00+05:30,299.8100190531563,300.8060656280837,295.87562292342125,297.1705017089844,128458
317,2021-05-07 00:00:00+05:30,298.81399277441113,300.55707439892853,293.8835497348608,294.6305847167969,179502
318,2021-05-10 00:00:00+05:30,296.72228538866705,303.1965884921996,292.887499778727,293.7839660644531,557049
319,2021-05-11 00:00:00+05:30,294.78000740370777,312.26061331065154,294.33177426889165,308.37603759765625,845548
320,2021-05-12 00:00:00+05:30,313.45585932785525,317.141213299821,302.79814915602645,304.4416198730469,1102101
321,2021-05-14 00:00:00+05:30,305.7863246084049,309.62111032864584,299.21241057326785,300.80609130859375,390706
322,2021-05-17 00:00:00+05:30,304.39186302520864,317.34046950523384,302.20054823135484,314.0534973144531,887086
323,2021-05-18 00:00:00+05:30,318.7349196787246,319.58156538850733,311.7625933107525,313.60528564453125,519642
324,2021-05-19 00:00:00+05:30,315.54756729291756,316.7428354344617,312.45984698830296,314.0534973144531,293647
325,2021-05-20 00:00:00+05:30,316.74283346605995,320.0297752394824,310.76655358934187,313.1072692871094,566993
326,2021-05-21 00:00:00+05:30,316.2447785035457,316.74280177677963,310.9657439660374,312.0613708496094,398957
327,2021-05-24 00:00:00+05:30,314.2029286298448,317.24085876061656,313.15706140676076,314.0534973144531,487927
328,2021-05-25 00:00:00+05:30,314.0036849900568,316.0953888917396,305.93570159609686,306.8819580078125,329919
329,2021-05-26 00:00:00+05:30,309.17287183513076,321.22504229198364,307.7784126146448,318.63531494140625,1309891
330,2021-05-27 00:00:00+05:30,320.7270230035026,328.54599532691844,307.67880573981233,320.5278015136719,2451088
331,2021-05-28 00:00:00+05:30,315.64715229512467,321.82265319457775,310.96575164921705,312.6092224121094,637670
332,2021-05-31 00:00:00+05:30,308.87406512776585,329.64164338115626,308.77445438567463,322.2708740234375,2092959
333,2021-06-01 00:00:00+05:30,322.71910321026377,326.5538887568089,315.14914285804434,318.1871032714844,457970
334,2021-06-02 00:00:00+05:30,321.12542265121454,371.42577671726707,320.6772199125466,361.9135437011719,12993361
335,2021-06-03 00:00:00+05:30,367.0431979562917,372.5214546422065,358.67641200628094,363.7562561035156,2283750
336,2021-06-04 00:00:00+05:30,360.8676773073749,363.35779385075153,354.44319486362133,356.3854675292969,845562
337,2021-06-07 00:00:00+05:30,360.27007540584265,372.47164652770226,357.08271405605404,366.096923828125,1294386
338,2021-06-08 00:00:00+05:30,368.98549661028636,390.20127826665,368.935676039228,376.0574035644531,2963247
339,2021-06-09 00:00:00+05:30,379.4937640071238,383.4779505058862,354.1443652499754,362.76019287109375,923478
340,2021-06-10 00:00:00+05:30,364.5530685206241,372.2724299442165,364.5530685206241,366.8439636230469,451054
341,2021-06-11 00:00:00+05:30,366.8439462910475,372.2226221851022,360.61865511453004,362.6107482910156,302935
342,2021-06-14 00:00:00+05:30,365.05109272239747,396.42656181040707,355.2400272615225,391.8945617675781,2195796
343,2021-06-15 00:00:00+05:30,397.0242074895854,399.96252691866175,384.82263582055646,386.7151184082031,1560076
344,2021-06-16 00:00:00+05:30,386.46609503291205,392.94039817135,379.8921811514196,384.2747802734375,620214
345,2021-06-17 00:00:00+05:30,383.47794914451623,392.34275799340594,374.6131402956265,377.0534362792969,519214
346,2021-06-18 00:00:00+05:30,380.09138559376106,383.17913610840526,359.5728197187878,377.85028076171875,620630
347,2021-06-21 00:00:00+05:30,370.0313353472102,389.90247843512657,370.0313353472102,379.1949768066406,693804
348,2021-06-22 00:00:00+05:30,379.5435651223659,398.41866136322113,379.5435651223659,392.5419921875,1099574
349,2021-06-23 00:00:00+05:30,396.1775333321617,401.80519051695353,389.45421881301127,390.89849853515625,652814
350,2021-06-24 00:00:00+05:30,390.8984872506578,395.2312654981541,383.4779281701521,385.12139892578125,289423
351,2021-06-25 00:00:00+05:30,386.0676813736318,392.94039706805955,375.9578141190742,377.80047607421875,429275
352,2021-06-28 00:00:00+05:30,380.48980219085587,388.4581750116068,378.5474991570258,384.1253662109375,303965
353,2021-06-29 00:00:00+05:30,385.4700555718352,390.4502888479571,370.1807333347546,371.7744140625,649628
354,2021-06-30 00:00:00+05:30,373.91591011954165,387.96017410623995,373.5174975348908,384.7230224609375,456247
355,2021-07-01 00:00:00+05:30,384.4739937463211,387.1633317680857,371.6249984802991,376.1072082519531,447462
356,2021-07-02 00:00:00+05:30,379.2945266212558,393.93642354910946,378.59731225136187,383.5775451660156,888875
357,2021-07-05 00:00:00+05:30,388.4581810704973,400.4107404880511,387.5617451935669,393.53802490234375,853325
358,2021-07-06 00:00:00+05:30,394.4344650671408,440.7506333136611,394.4344650671408,421.62652587890625,9016395
359,2021-07-07 00:00:00+05:30,424.7641068356545,436.96567832068627,418.9870180168275,432.9316711425781,1659778
360,2021-07-08 00:00:00+05:30,431.28818107762197,432.68264024883337,419.4352325269302,423.3695983886719,679007
361,2021-07-09 00:00:00+05:30,423.12059582234235,425.2621203921455,417.592549190401,421.62652587890625,428874
362,2021-07-12 00:00:00+05:30,424.71427039817786,427.70241024206314,416.79571805004,418.7878112792969,380764
363,2021-07-13 00:00:00+05:30,422.1743760278871,440.25261653235196,414.40519396856917,434.2763366699219,1259622
364,2021-07-14 00:00:00+05:30,434.27632129004405,453.94824180719627,434.27632129004405,441.9458923339844,2242021
365,2021-07-15 00:00:00+05:30,444.6352129787444,456.1893600551609,440.94985865750544,444.2865905761719,979950
366,2021-07-16 00:00:00+05:30,447.62331924196445,448.12134252336335,433.33004498642964,435.7205810546875,395946
367,2021-07-19 00:00:00+05:30,435.72061371675005,450.16328995995656,429.5949025788107,434.4755554199219,689291
368,2021-07-20 00:00:00+05:30,438.06131376868944,440.10322768249966,423.41944594242466,432.33404541015625,678208
369,2021-07-22 00:00:00+05:30,439.46890972539995,441.0655331305112,429.3403747271549,432.9327697753906,447664
370,2021-07-23 00:00:00+05:30,434.928530697966,438.1716595381034,425.2989388478618,427.1949157714844,331620
371,2021-07-26 00:00:00+05:30,428.49215729014236,437.77251352061944,423.1035800499294,431.93487548828125,402399
372,2021-07-27 00:00:00+05:30,434.8786287405731,437.07398972865275,422.3052917546614,424.6502990722656,267277
373,2021-07-28 00:00:00+05:30,427.19491669813027,434.97841375012047,421.15768934155955,427.8435363769531,447367
374,2021-07-29 00:00:00+05:30,431.63550657669913,433.7310729248341,422.105709015377,424.3509521484375,206003
375,2021-07-30 00:00:00+05:30,425.04949142617187,428.84144548777186,421.3074194760168,422.654541015625,262840
376,2021-08-02 00:00:00+05:30,424.60042379354485,432.9327766260511,424.60042379354485,427.7936706542969,345202
377,2021-08-03 00:00:00+05:30,430.08879629354857,454.7365886799941,430.08879629354857,446.40423583984375,1772633
378,2021-08-04 00:00:00+05:30,449.0486204043627,452.8405743509983,424.2012694992663,430.138671875,762605
379,2021-08-05 00:00:00+05:30,451.04440268637035,458.92769478430347,425.947579733703,428.9911193847656,2109599
380,2021-08-06 00:00:00+05:30,431.58561630042857,438.5708170266783,428.09301593730373,430.23846435546875,550478
381,2021-08-09 00:00:00+05:30,434.08032073353104,435.2777958685018,417.2160568921962,421.70654296875,663814
382,2021-08-10 00:00:00+05:30,424.8997715153099,429.8892006333998,397.6076186018052,403.894287109375,1042907
383,2021-08-11 00:00:00+05:30,403.8942742354287,409.3826460903882,385.6329764265138,403.0959777832031,783151
384,2021-08-12 00:00:00+05:30,408.0854051526679,418.8126773728489,408.0854051526679,414.9208984375,566298
385,2021-08-13 00:00:00+05:30,415.5196447752234,422.9539062334651,414.2224054047522,419.36151123046875,345703
386,2021-08-16 00:00:00+05:30,420.4092712570077,420.95812671348745,407.78602210077935,410.72979736328125,325902
387,2021-08-17 00:00:00+05:30,410.92938357597933,410.92938357597933,401.9484108663756,406.73828125,437224
388,2021-08-18 00:00:00+05:30,407.6363694148,414.1226274348641,403.14588309321715,409.63214111328125,247475
389,2021-08-20 00:00:00+05:30,405.1416358782411,414.122608102143,400.65114976629013,402.8963928222656,398764
390,2021-08-23 00:00:00+05:30,406.93782403167995,408.78391888392446,394.26469242635983,397.1086730957031,404581
391,2021-08-24 00:00:00+05:30,400.9504967483027,400.9504967483027,392.2689086794531,398.35601806640625,292641
392,2021-08-25 00:00:00+05:30,399.95261755960695,408.33488266512455,395.4621314472473,398.056640625,270639
393,2021-08-26 00:00:00+05:30,400.90063554891174,400.90063554891174,395.2625866529614,398.1065673828125,180162
394,2021-08-27 00:00:00+05:30,398.10654630236587,409.13317205080483,396.1606568394378,399.7530517578125,434002
395,2021-08-30 00:00:00+05:30,402.14799970059045,425.94758344097676,401.3497031975451,419.8604736328125,1568238
396,2021-08-31 00:00:00+05:30,422.1057024091784,434.8287466307316,420.1099307665818,424.6502990722656,1221602
397,2021-09-01 00:00:00+05:30,423.3031747410102,433.78097579447024,413.3243165948577,427.544189453125,770358
398,2021-09-02 00:00:00+05:30,427.0951281188126,433.08244299898286,419.46130773720716,420.65875244140625,488269
399,2021-09-03 00:00:00+05:30,422.1057105214415,428.04314345349866,417.1162813190604,418.7627868652344,419853
400,2021-09-06 00:00:00+05:30,422.55477541420305,424.1014863006641,418.164053311231,419.96026611328125,220997
401,2021-09-07 00:00:00+05:30,421.5069607783725,421.90610901244736,409.13318280370146,410.3306579589844,363053
402,2021-09-08 00:00:00+05:30,412.6756717135998,416.91668647977804,405.3911173552701,406.5885925292969,354284
403,2021-09-09 00:00:00+05:30,406.33910437841774,413.92301199214734,406.33910437841774,408.0354919433594,289103
404,2021-09-13 00:00:00+05:30,410.38054596292363,416.9166859423255,408.0355081810952,412.82537841796875,351357
405,2021-09-14 00:00:00+05:30,414.42196563459834,419.5611019299885,412.7255780256558,413.7733459472656,506260
406,2021-09-15 00:00:00+05:30,415.719246548867,419.41140588071744,412.0769693277346,413.2744140625,302355
407,2021-09-16 00:00:00+05:30,413.92303546412296,419.66087906094253,409.133195599306,411.12896728515625,364961
408,2021-09-17 00:00:00+05:30,414.122604556834,418.164029841768,402.4473285844906,403.7445983886719,550524
409,2021-09-20 00:00:00+05:30,400.1522273751495,408.8338464844625,398.15645566754273,399.2042236328125,345789
410,2021-09-21 00:00:00+05:30,399.20421517837303,403.09599428823276,391.67018932293877,398.2063293457031,308720
411,2021-09-22 00:00:00+05:30,398.3560246376588,405.1416359151123,396.70948870068054,398.056640625,359804
412,2021-09-23 00:00:00+05:30,402.2976651348707,404.14376000575567,395.46214112811225,398.3061218261719,351394
413,2021-09-24 00:00:00+05:30,400.15221798988273,403.8444077435815,395.71161386338497,397.5577087402344,300383
414,2021-09-27 00:00:00+05:30,397.70737656894414,416.56744270125176,397.70737656894414,407.6363525390625,1250165
415,2021-09-28 00:00:00+05:30,409.9314990385709,415.1205176909314,402.7467391196021,405.9898681640625,476732
416,2021-09-29 00:00:00+05:30,403.844411252635,408.8338404479823,402.74673073904677,404.9919738769531,218932
417,2021-09-30 00:00:00+05:30,407.3370016188705,408.0854159796697,400.6511544811743,401.2997741699219,248104
418,2021-10-01 00:00:00+05:30,399.1543192388843,403.0460677608518,394.66383314744684,396.7593994140625,374176
419,2021-10-04 00:00:00+05:30,402.1479885725088,405.14164605567885,398.15644526161543,401.74884033203125,378349
420,2021-10-05 00:00:00+05:30,403.0460861258029,419.11205429783166,402.9962040148483,418.0143737792969,1783988
421,2021-10-06 00:00:00+05:30,423.103586319732,428.09301540369114,409.63212779304246,415.07061767578125,1066226
422,2021-10-07 00:00:00+05:30,419.0621498025973,419.1120319108875,410.13105979851133,410.72979736328125,350068
423,2021-10-08 00:00:00+05:30,412.92513443745423,412.92513443745423,408.18517685785366,410.430419921875,348377
424,2021-10-11 00:00:00+05:30,414.0228262441564,416.6672176124194,412.1268492510467,413.37420654296875,347265
425,2021-10-12 00:00:00+05:30,415.02069596052036,423.0536948803752,411.47821357025623,416.8667907714844,654638
426,2021-10-13 00:00:00+05:30,419.6109889571057,426.7957790705317,419.1619281551196,420.4591979980469,777485
427,2021-10-14 00:00:00+05:30,424.999579214362,425.09937389039413,416.1184012025689,417.8148193359375,369786
428,2021-10-18 00:00:00+05:30,421.6067586411254,424.8000054440094,409.83171815497536,410.8794860839844,477443
429,2021-10-19 00:00:00+05:30,411.1289484595632,415.0206969781563,400.25199936034653,402.9961853027344,367199
430,2021-10-20 00:00:00+05:30,403.1458706665039,407.83594619459006,396.31034671929433,399.1543273925781,335830
431,2021-10-21 00:00:00+05:30,400.10233996368254,402.9962028107665,396.4600322831009,398.75518798828125,204978
432,2021-10-22 00:00:00+05:30,400.0524123724912,405.19151816784864,386.6807487015523,388.3771667480469,486803
433,2021-10-25 00:00:00+05:30,390.97164559408816,392.41859219025315,371.21351886783003,373.85791015625,551688
434,2021-10-26 00:00:00+05:30,374.90571760057617,389.17547275365325,374.85580503736225,385.1839294433594,384141
435,2021-10-27 00:00:00+05:30,389.1754686685441,399.0545321672108,387.279491706668,397.1086730957031,252567
436,2021-10-28 00:00:00+05:30,399.15433218567114,399.15433218567114,386.1818163896368,389.2752685546875,173701
437,2021-10-29 00:00:00+05:30,387.0799090766889,396.16067626042377,374.20718790342295,375.4046630859375,464610
438,2021-11-01 00:00:00+05:30,377.20083278309653,381.99067244673813,363.6295797987016,368.3695373535156,469603
439,2021-11-02 00:00:00+05:30,372.21142018897126,379.14673899301897,370.2655306099768,376.60211181640625,260381
440,2021-11-03 00:00:00+05:30,379.59574879144964,392.66805874366736,375.30485207153475,385.134033203125,451739
441,2021-11-04 00:00:00+05:30,392.5682719929205,394.0152186002269,385.1340409721211,388.9259948730469,147385
442,2021-11-08 00:00:00+05:30,392.96743846424005,392.96743846424005,384.18605510031387,386.73065185546875,368522
443,2021-11-09 00:00:00+05:30,387.17969561685806,393.8655427481663,386.5809580381791,389.5746154785156,300341
444,2021-11-10 00:00:00+05:30,388.5268473506283,393.86554254035667,384.48539153647135,386.1319274902344,183626
445,2021-11-11 00:00:00+05:30,388.1775844736386,388.1775844736386,380.19449790348665,381.84100341796875,147235
446,2021-11-12 00:00:00+05:30,383.9864611398748,384.1860504901843,378.5978836651698,380.0448303222656,197538
447,2021-11-15 00:00:00+05:30,382.1902718980769,382.9885683787815,367.17210237677807,368.6190185546875,426754
448,2021-11-16 00:00:00+05:30,366.22410326627806,385.63299503477447,366.22410326627806,383.5873107910156,514745
449,2021-11-17 00:00:00+05:30,383.48751935288726,395.76153355985053,381.04271729618114,387.578857421875,688143
450,2021-11-18 00:00:00+05:30,387.978005281241,387.978005281241,375.2050786159638,377.250732421875,264039
451,2021-11-22 00:00:00+05:30,378.9970150436977,378.9970150436977,364.77714237925557,368.3695373535156,416559
452,2021-11-23 00:00:00+05:30,365.22621724381975,372.06174133475986,364.42792075347216,368.4194641113281,210974
453,2021-11-24 00:00:00+05:30,370.2156277759448,375.8037942858159,366.3737613970924,368.5691223144531,217483
454,2021-11-25 00:00:00+05:30,371.0139388301025,371.0139388301025,364.7272702921992,367.22198486328125,148109
455,2021-11-26 00:00:00+05:30,365.22622015746504,378.1488540628395,362.03297326448205,365.52557373046875,351271
456,2021-11-29 00:00:00+05:30,359.2388927584776,364.2283218245676,343.52219120029423,350.2080383300781,473058
457,2021-11-30 00:00:00+05:30,350.2579217812248,373.7082384816772,350.2579217812248,370.8642578125,512127
458,2021-12-01 00:00:00+05:30,371.2135330135817,373.20930469645043,363.2304462821068,365.6253662109375,182464
459,2021-12-02 00:00:00+05:30,369.1678595564561,373.65834560372883,359.28876589001004,369.9661560058594,254793
460,2021-12-03 00:00:00+05:30,370.21563776218494,374.10738635424855,366.82283207815664,372.26129150390625,158516
461,2021-12-06 00:00:00+05:30,374.0075895546743,375.80380228521955,365.82494418127345,367.5213317871094,135635
462,2021-12-07 00:00:00+05:30,368.2697386296347,371.71245678646386,365.425788490493,367.1720886230469,135802
463,2021-12-08 00:00:00+05:30,368.91840624945957,374.80592659921183,368.2198739820911,371.2135314941406,146328
464,2021-12-09 00:00:00+05:30,372.7103567581354,377.1010483107252,371.21352801613483,372.0617370605469,192937
465,2021-12-10 00:00:00+05:30,373.2092939335984,377.2008371842251,370.814374073834,373.00970458984375,136278
466,2021-12-13 00:00:00+05:30,374.20719331661036,381.9906907563721,373.25918957898455,379.2964172363281,227248
467,2021-12-14 00:00:00+05:30,376.20297011629515,378.7974794490884,371.2634229163029,372.86004638671875,119449
468,2021-12-15 00:00:00+05:30,373.40887703380116,375.5044128428953,370.5149838630373,371.91204833984375,96405
469,2021-12-16 00:00:00+05:30,374.2071795372123,374.3069742090339,365.2262072283192,369.5670166015625,108302
470,2021-12-17 00:00:00+05:30,371.013942565157,371.013942565157,360.8355252845097,361.5340270996094,105691
471,2021-12-20 00:00:00+05:30,359.2389040806733,360.18690781433213,344.81944144398926,349.7091064453125,241331
472,2021-12-21 00:00:00+05:30,351.55516444248485,357.8418634203358,348.2621533967477,353.451171875,146701
473,2021-12-22 00:00:00+05:30,353.40127051906967,364.2283381689504,351.5551755911631,359.837646484375,283159
474,2021-12-23 00:00:00+05:30,363.2304510561776,367.0224051222436,359.4384969901117,364.02874755859375,191241
475,2021-12-24 00:00:00+05:30,364.0287331653315,364.47779396334744,359.3386881062213,360.5361328125,87955
476,2021-12-27 00:00:00+05:30,360.68585672766216,379.1966272725039,355.79619164512155,374.257080078125,470082
477,2021-12-28 00:00:00+05:30,374.2570558471516,387.6786319931304,374.00758439799256,385.03424072265625,363111
478,2021-12-29 00:00:00+05:30,387.7784363498101,393.6659566064173,387.17969876626086,390.12347412109375,521435
479,2021-12-30 00:00:00+05:30,391.9695488264147,396.060886892921,378.797473907566,380.6934509277344,373541
480,2021-12-31 00:00:00+05:30,382.5894039260477,391.67017066129034,382.4397271488905,385.2337951660156,322606
481,2022-01-03 00:00:00+05:30,387.8283297776821,393.86555744615526,383.4875202365953,388.22747802734375,582559
482,2022-01-04 00:00:00+05:30,389.97376738937277,394.414371482288,382.3898594981437,383.8866882324219,682991
483,2022-01-05 00:00:00+05:30,385.18393090640495,388.327265184589,379.1966159182225,379.59576416015625,175026
484,2022-01-06 00:00:00+05:30,378.6477994328299,406.6384854527065,376.8515866240252,384.036376953125,2798700
485,2022-01-07 00:00:00+05:30,387.1298219717181,387.8283237845672,380.44397469422876,382.2900695800781,647882
486,2022-01-10 00:00:00+05:30,384.78476524010006,395.76150888803676,382.2401382135167,393.5162658691406,456448
487,2022-01-11 00:00:00+05:30,395.9610884952253,401.2997838212681,387.1797052985438,389.8240966796875,451959
488,2022-01-12 00:00:00+05:30,393.9154315757342,393.9154315757342,385.18393055917267,389.2752685546875,286064
489,2022-01-13 00:00:00+05:30,391.171248652137,392.36872383943864,386.4312909197451,389.8240966796875,173214
490,2022-01-14 00:00:00+05:30,390.07356501224405,400.0524233162311,387.17970219469953,397.5577087402344,614563
491,2022-01-17 00:00:00+05:30,399.15433201238596,399.60339281712345,392.16913120216924,394.1150207519531,226507
492,2022-01-18 00:00:00+05:30,394.9631828915354,399.0545207148359,387.1796859227647,389.32513427734375,254908
493,2022-01-19 00:00:00+05:30,388.975881877156,389.02579444017357,378.4980807288415,382.4896240234375,258063
494,2022-01-20 00:00:00+05:30,382.4896208181357,388.2274642560337,380.29429029634014,386.7805480957031,175564
495,2022-01-21 00:00:00+05:30,386.18181134731793,386.18181134731793,371.71246699451143,379.146728515625,289887
496,2022-01-24 00:00:00+05:30,377.00126128161685,379.4959759022021,365.2761025648662,372.4110107421875,294238
497,2022-01-25 00:00:00+05:30,371.2135238343501,380.19449618518115,367.42156991188926,375.7040100097656,312206
498,2022-01-27 00:00:00+05:30,372.2114237735146,380.9928071129528,371.56280405862304,379.1966247558594,193766
499,2022-01-28 00:00:00+05:30,380.19451061048005,384.13617191745556,376.8017047953816,379.1966247558594,161833
500,2022-01-31 00:00:00+05:30,380.1944992653726,393.6160757907411,380.1944992653726,389.37506103515625,380041
501,2022-02-01 00:00:00+05:30,394.1648925077691,394.1648925077691,385.2837149444082,386.9801025390625,245457
502,2022-02-02 00:00:00+05:30,387.977981484029,396.9090714515277,387.9280993759432,393.5162658691406,278401
503,2022-02-03 00:00:00+05:30,393.66596871868865,397.50783534052226,390.9217826249589,393.7158508300781,167879
504,2022-02-04 00:00:00+05:30,412.02705350125717,419.1120489914869,401.5991648398519,417.5653381347656,3015972
505,2022-02-07 00:00:00+05:30,421.9061251056202,423.65242534273466,407.23722138569474,416.5175476074219,836544
506,2022-02-08 00:00:00+05:30,418.313761019692,422.105715073168,404.14376975090556,406.83807373046875,392780
507,2022-02-09 00:00:00+05:30,410.43042619520884,418.8126914581225,409.2329814812629,411.5281066894531,331565
508,2022-02-10 00:00:00+05:30,411.9272619727291,412.12685132166297,404.54291285806175,409.83172607421875,191185
509,2022-02-11 00:00:00+05:30,407.53655699702216,408.98350359665153,398.4557900736548,402.1479797363281,240691
510,2022-02-14 00:00:00+05:30,392.1691132442219,399.6532566267452,379.6955409400163,381.7911071777344,292118
511,2022-02-15 00:00:00+05:30,381.79112393586786,389.6744158875392,375.80380896704526,388.62664794921875,143965
512,2022-02-16 00:00:00+05:30,390.1733693465476,396.16068447718516,384.28584889203256,386.08203125,169694
513,2022-02-17 00:00:00+05:30,388.6765129990443,391.1712274598854,381.192369616521,381.7911071777344,109435
514,2022-02-18 00:00:00+05:30,379.1966001970936,384.2858238166661,375.3048517067349,376.8515625,111184
515,2022-02-21 00:00:00+05:30,374.20719071196265,377.0511714519854,365.2761002457468,369.0680847167969,164708
516,2022-02-22 00:00:00+05:30,354.24947487355263,365.17633705439715,354.24947487355263,361.43426513671875,261953
517,2022-02-23 00:00:00+05:30,361.9830842640089,373.05962305022507,361.9830842640089,367.22198486328125,140103
518,2022-02-24 00:00:00+05:30,363.9289674477819,368.12006958208775,350.7568625615447,357.84185791015625,382450
519,2022-02-25 00:00:00+05:30,380.19450710060767,380.19450710060767,361.3344707130004,368.3196716308594,278905
520,2022-02-28 00:00:00+05:30,364.22833468656427,378.5978848137237,359.2389054442825,375.85369873046875,126261
521,2022-03-02 00:00:00+05:30,372.4110137066907,378.5480056315708,367.2219950733435,369.5171203613281,180675
522,2022-03-03 00:00:00+05:30,371.0139456375049,373.2093066815613,367.37166838750795,370.3653259277344,323347
523,2022-03-04 00:00:00+05:30,368.2198565213561,376.7018857366177,364.77713836452693,367.1720886230469,266583
524,2022-03-07 00:00:00+05:30,361.23465656963697,367.47144276731717,356.5445811677584,364.37799072265625,168999
525,2022-03-08 00:00:00+05:30,364.22833803165514,373.7082536790544,362.2824484280704,371.56280517578125,129167
526,2022-03-09 00:00:00+05:30,374.6562539571331,391.3209293533164,372.4608929094638,387.578857421875,245003
527,2022-03-10 00:00:00+05:30,396.16066913097075,396.65961203919613,388.17758259936426,393.66595458984375,275440
528,2022-03-11 00:00:00+05:30,394.16488587456377,403.1458579577817,390.422814173223,401.7987060546875,320389
529,2022-03-14 00:00:00+05:30,404.14376791453003,404.14376791453003,392.4684913268866,393.8156433105469,140376
530,2022-03-15 00:00:00+05:30,396.65961743730855,408.13530448266465,392.418602659677,394.1150207519531,354720
531,2022-03-16 00:00:00+05:30,398.05663431365053,402.0481774613493,393.96529649664774,396.9589538574219,180855
532,2022-03-17 00:00:00+05:30,398.6553892825751,408.1353046722734,397.4579141047581,405.8401794433594,340023
533,2022-03-21 00:00:00+05:30,411.1289481198913,414.57166629872023,401.15009015581626,404.3932189941406,266293
534,2022-03-22 00:00:00+05:30,404.24355928771996,412.82538358987244,403.3953502343396,409.83172607421875,257799
535,2022-03-23 00:00:00+05:30,411.6279166414741,412.3264489236653,401.19999723866624,403.9441833496094,152634
536,2022-03-24 00:00:00+05:30,404.1437578278283,413.1247302240023,403.19575411589767,406.6883544921875,214352
537,2022-03-25 00:00:00+05:30,408.83384446941466,411.5281179895686,403.54503119848846,406.1894226074219,235817
538,2022-03-28 00:00:00+05:30,403.14588331098616,422.1057144567999,394.4642642366793,416.5175476074219,505454
539,2022-03-29 00:00:00+05:30,423.1035842170438,438.6706089722448,411.4283080373785,423.4528503417969,1812960
540,2022-03-30 00:00:00+05:30,428.4921759671923,436.5750574063561,420.459207092139,426.9454650878906,616254
541,2022-03-31 00:00:00+05:30,425.3488289313173,452.04227450061404,422.55476082865164,447.5517883300781,1511807
542,2022-04-01 00:00:00+05:30,450.5454415285233,454.9860455476246,430.43804862290074,433.23211669921875,984312
543,2022-04-04 00:00:00+05:30,436.8744015584417,440.9657395273829,425.14924312664397,428.74163818359375,429326
544,2022-04-05 00:00:00+05:30,430.1885773460089,436.3754510755275,420.2097192793098,423.5526428222656,382337
545,2022-04-06 00:00:00+05:30,423.1035745015202,434.37967173507826,421.15768503190577,428.0431213378906,310352
546,2022-04-07 00:00:00+05:30,429.09090414373134,432.0845616145015,423.2033838751616,425.2989501953125,202228
547,2022-04-08 00:00:00+05:30,426.0972444122334,435.8266311406158,423.70232453893556,425.3987121582031,291380
548,2022-04-11 00:00:00+05:30,428.0930334351563,433.9805539116013,425.09937585868664,425.9974670410156,222449
549,2022-04-12 00:00:00+05:30,428.0930030903441,429.041006770252,415.1703699533636,424.60040283203125,227952
550,2022-04-13 00:00:00+05:30,425.09937196295334,434.0304624987978,425.09937196295334,428.2427062988281,227021
551,2022-04-18 00:00:00+05:30,428.2427052517897,431.5856289306505,420.10994168740774,424.1513671875,407139
552,2022-04-19 00:00:00+05:30,427.4942859306191,431.08668102981267,403.79449733233656,414.0228271484375,253135
553,2022-04-20 00:00:00+05:30,414.72136668786436,424.1014876174983,411.6777965637149,419.21185302734375,213610
554,2022-04-21 00:00:00+05:30,422.6046324870271,425.0993469645185,416.3678462932989,419.0122375488281,178536
555,2022-04-22 00:00:00+05:30,425.09937366780406,437.4731521628278,421.80636253188294,426.0972595214844,502342
556,2022-04-25 00:00:00+05:30,425.0993634207279,430.83720694107814,419.1120484429712,423.8021240234375,289786
557,2022-04-26 00:00:00+05:30,427.69386018456464,434.8287375675223,425.24902779211845,429.8891906738281,358570
558,2022-04-27 00:00:00+05:30,428.84144381977126,428.84144381977126,420.5090908858898,424.8000183105469,127556
559,2022-04-28 00:00:00+05:30,425.249042535181,433.4816006747159,421.9560314605906,427.14501953125,243459
560,2022-04-29 00:00:00+05:30,430.43806073487616,436.0761096083077,424.10147959618024,428.5420837402344,427679
561,2022-05-02 00:00:00+05:30,424.1014859956795,439.0697737367035,421.8562428345259,436.5251770019531,362564
562,2022-05-04 00:00:00+05:30,441.0655449978161,475.9915496922133,440.6164841848073,449.6473693847656,6541754
563,2022-05-05 00:00:00+05:30,456.0338055319573,463.9670097350163,434.0803181759331,437.72259521484375,1183662
564,2022-05-06 00:00:00+05:30,434.0803265842504,445.85536694025507,424.301057844725,438.7204895019531,525901
565,2022-05-09 00:00:00+05:30,439.0697665119629,444.5581385933624,424.1014790172369,426.49639892578125,352885
566,2022-05-10 00:00:00+05:30,426.54631958336273,436.92432635269296,408.3349027858682,417.1661682128906,442473
567,2022-05-11 00:00:00+05:30,415.81904070919745,422.10570930485466,393.7158450439074,411.228759765625,544395
568,2022-05-12 00:00:00+05:30,408.3348903325389,418.8625735679733,401.4494538018514,411.5281066894531,282906
569,2022-05-13 00:00:00+05:30,419.311626037682,425.0494693972123,411.1788323917275,413.9729309082031,222834
570,2022-05-16 00:00:00+05:30,417.1162674674456,425.8477682816565,409.582241803264,422.15557861328125,222507
571,2022-05-17 00:00:00+05:30,419.11203729493064,451.64312056605354,419.11203729493064,448.4997863769531,451397
572,2022-05-18 00:00:00+05:30,454.0380430429393,458.0295862784816,438.12175220999103,442.1632080078125,437726
573,2022-05-19 00:00:00+05:30,434.1801219519209,439.06975632952447,432.7830879087568,435.9264221191406,156688
574,2022-05-20 00:00:00+05:30,440.117536995181,447.8511522454183,437.07399736824675,441.5644836425781,222258
575,2022-05-23 00:00:00+05:30,443.85959919897283,450.04650344529784,434.0803303740678,436.4752502441406,295047
576,2022-05-24 00:00:00+05:30,440.06764249560547,444.1090678475051,433.08244182107205,434.5293884277344,165141
577,2022-05-25 00:00:00+05:30,436.57504531086244,440.01776356368003,417.11627186272113,421.9560241699219,243164
578,2022-05-26 00:00:00+05:30,418.7129096199866,435.62705654076984,414.8710429988978,432.33404541015625,304971
579,2022-05-27 00:00:00+05:30,436.47526217882,448.9987477958347,431.2862740606211,436.62493896484375,252263
580,2022-05-30 00:00:00+05:30,445.356431702499,447.55179269964043,434.67907164236954,439.06976318359375,276213
581,2022-05-31 00:00:00+05:30,442.9116301669859,473.9957675707508,439.1196457545847,462.52008056640625,1527804
582,2022-06-01 00:00:00+05:30,471.00209815227106,487.9661567721622,466.46172993817044,470.65283203125,1522607
583,2022-06-02 00:00:00+05:30,471.9999874247869,476.98941646733226,464.11669562817696,469.80462646484375,521087
584,2022-06-03 00:00:00+05:30,473.9957793052875,473.9957793052875,451.34375830252685,460.6241149902344,350418
585,2022-06-06 00:00:00+05:30,462.66976060972445,490.95983007994266,456.3331794764142,483.0765380859375,1359299
586,2022-06-07 00:00:00+05:30,483.97462962537685,483.97462962537685,469.50528502832947,473.39703369140625,451095
587,2022-06-08 00:00:00+05:30,475.99152712907016,483.874818867221,470.353478443415,475.4925842285156,299113
588,2022-06-09 00:00:00+05:30,475.49258519108474,476.93953178684535,465.26425570901,471.30145263671875,224215
589,2022-06-10 00:00:00+05:30,466.8109857968916,472.8482134269306,457.3310702757456,460.07525634765625,354616
590,2022-06-13 00:00:00+05:30,450.04652077218327,450.04652077218327,433.3818148062689,435.0283508300781,443180
591,2022-06-14 00:00:00+05:30,434.08034304355056,443.8097300428025,431.08668550531917,433.83087158203125,221454
592,2022-06-15 00:00:00+05:30,437.92220633395897,437.92220633395897,427.19493356965233,429.8393249511719,185763
593,2022-06-16 00:00:00+05:30,436.0761114420479,440.0676547962085,422.6046526217558,429.8393249511719,449255
594,2022-06-17 00:00:00+05:30,424.3010610087167,439.86805537089117,424.3010610087167,434.4295959472656,224484
595,2022-06-20 00:00:00+05:30,429.5898583301474,438.0718880532746,411.9272666078235,416.5175476074219,314371
596,2022-06-21 00:00:00+05:30,420.7585521811362,433.0824482151989,420.7585521811362,430.7873229980469,250029
597,2022-06-22 00:00:00+05:30,431.9348846979313,431.9348846979313,406.83806233301783,408.7340393066406,257075
598,2022-06-23 00:00:00+05:30,413.2245275663766,416.5674511816051,407.1374179234775,413.4739990234375,151421
599,2022-06-24 00:00:00+05:30,416.9166712971239,422.10568959152886,415.6693140583783,419.0122375488281,289759
600,2022-06-27 00:00:00+05:30,422.9539232539435,428.94123834885914,418.2638475817025,421.3572998046875,236345
601,2022-06-28 00:00:00+05:30,419.2118335284013,423.10358208432,415.5196438620083,418.712890625,130821
602,2022-06-29 00:00:00+05:30,417.11626844001376,426.79577297498855,415.12049682068357,422.8042297363281,184028
603,2022-06-30 00:00:00+05:30,423.1035885981463,429.7894357878782,421.1078169538154,423.2532653808594,122986
604,2022-07-01 00:00:00+05:30,423.25327552300183,425.04948831777625,420.0600590873906,422.105712890625,84550
605,2022-07-04 00:00:00+05:30,424.89976129533403,444.5082416202377,421.20760210858896,440.9657287597656,339070
606,2022-07-05 00:00:00+05:30,444.5581299095648,467.4097089478623,442.2630047197623,464.8651123046875,743065
607,2022-07-06 00:00:00+05:30,463.91712529774935,469.00634922032646,452.4913505938983,463.4181823730469,387382
608,2022-07-07 00:00:00+05:30,464.5158534951487,477.6879586218845,462.8194354042759,470.0541076660156,343527
609,2022-07-08 00:00:00+05:30,472.0000047906254,478.48626278457687,465.3640700105022,470.40338134765625,203545
610,2022-07-11 00:00:00+05:30,471.0021126889893,503.4832843383306,470.40337509919664,494.153076171875,1657504
611,2022-07-12 00:00:00+05:30,490.8600292770302,510.81774569775155,482.82706059891325,485.42156982421875,1370867
612,2022-07-13 00:00:00+05:30,489.8122767084315,496.6478008875268,484.1243151689077,493.0054931640625,471655
613,2022-07-14 00:00:00+05:30,495.84945763585495,496.94713812795413,483.5754742368096,488.21563720703125,225766
614,2022-07-15 00:00:00+05:30,489.71246630383365,492.80591843732236,479.9830795560754,486.818603515625,183102
615,2022-07-18 00:00:00+05:30,488.1657623174368,498.54376890347385,479.88329162096824,481.67950439453125,384786
616,2022-07-19 00:00:00+05:30,481.829165468858,490.36107689265503,476.9395311308615,478.935302734375,260325
617,2022-07-20 00:00:00+05:30,483.9247479106104,487.81649657686967,469.3556086276096,472.0,291692
618,2022-07-21 00:00:00+05:30,476.95001220703125,477.3999938964844,466.0,467.3999938964844,231565
619,2022-07-22 00:00:00+05:30,470.0,471.3999938964844,454.79998779296875,456.20001220703125,376704
620,2022-07-25 00:00:00+05:30,456.0,461.6000061035156,452.5,457.75,292799
621,2022-07-26 00:00:00+05:30,460.1000061035156,460.1000061035156,441.45001220703125,443.3999938964844,312178
622,2022-07-27 00:00:00+05:30,449.8999938964844,454.6499938964844,442.79998779296875,447.3999938964844,217600
623,2022-07-28 00:00:00+05:30,449.8999938964844,457.1499938964844,445.8500061035156,455.1499938964844,282453
624,2022-07-29 00:00:00+05:30,458.95001220703125,464.3999938964844,450.1499938964844,451.6499938964844,293848
625,2022-08-01 00:00:00+05:30,453.3999938964844,454.25,441.6000061035156,442.95001220703125,517047
626,2022-08-02 00:00:00+05:30,444.8999938964844,454.6000061035156,442.5,452.6000061035156,303644
627,2022-08-03 00:00:00+05:30,454.8999938964844,474.0,454.1499938964844,472.1499938964844,665658
628,2022-08-04 00:00:00+05:30,475.0,477.0,450.8999938964844,467.54998779296875,552922
629,2022-08-05 00:00:00+05:30,469.8999938964844,477.8999938964844,465.0,471.8500061035156,413817
630,2022-08-08 00:00:00+05:30,474.3500061035156,484.79998779296875,472.70001220703125,480.70001220703125,459083
631,2022-08-10 00:00:00+05:30,490.0,494.95001220703125,474.0,476.5,645374
632,2022-08-11 00:00:00+05:30,479.0,481.25,471.04998779296875,472.70001220703125,162546
633,2022-08-12 00:00:00+05:30,469.04998779296875,483.95001220703125,468.04998779296875,471.75,261250
634,2022-08-16 00:00:00+05:30,474.0,482.0,472.6000061035156,480.25,214515
635,2022-08-17 00:00:00+05:30,481.70001220703125,489.79998779296875,475.75,478.1499938964844,235685
636,2022-08-18 00:00:00+05:30,489.70001220703125,496.8999938964844,482.1000061035156,488.20001220703125,896958
637,2022-08-19 00:00:00+05:30,492.3500061035156,493.25,481.0,484.1000061035156,231805
638,2022-08-22 00:00:00+05:30,480.0,487.0,468.5,470.29998779296875,459349
639,2022-08-23 00:00:00+05:30,467.1000061035156,478.5,466.0,467.70001220703125,247549
640,2022-08-24 00:00:00+05:30,467.79998779296875,475.45001220703125,467.3500061035156,470.1000061035156,170136
641,2022-08-25 00:00:00+05:30,478.3999938964844,492.0,475.04998779296875,482.8999938964844,481438
642,2022-08-26 00:00:00+05:30,486.20001220703125,490.8999938964844,478.25,482.70001220703125,275402
643,2022-08-29 00:00:00+05:30,476.0,495.0,468.0,484.6000061035156,1042561
644,2022-08-30 00:00:00+05:30,486.70001220703125,502.5,485.5,489.95001220703125,819269
645,2022-09-01 00:00:00+05:30,491.0,499.79998779296875,487.29998779296875,489.25,418919
646,2022-09-02 00:00:00+05:30,493.5,493.70001220703125,476.25,479.54998779296875,394760
647,2022-09-05 00:00:00+05:30,480.0,484.8999938964844,476.5,478.0,213493
648,2022-09-06 00:00:00+05:30,481.8999938964844,489.0,475.1000061035156,487.6499938964844,440232
649,2022-09-07 00:00:00+05:30,487.3999938964844,505.0,485.0,497.54998779296875,1205672
650,2022-09-08 00:00:00+05:30,505.0,517.7999877929688,499.0,504.70001220703125,1245833
651,2022-09-09 00:00:00+05:30,508.0,513.9000244140625,498.70001220703125,501.75,595605
652,2022-09-12 00:00:00+05:30,505.0,510.6499938964844,499.6499938964844,503.3500061035156,464981
653,2022-09-13 00:00:00+05:30,507.0,514.7000122070312,500.5,503.6000061035156,591842
654,2022-09-14 00:00:00+05:30,503.0,506.8999938964844,493.04998779296875,496.54998779296875,424295
655,2022-09-15 00:00:00+05:30,499.0,504.79998779296875,490.25,492.6000061035156,309254
656,2022-09-16 00:00:00+05:30,495.1000061035156,534.75,484.29998779296875,524.0499877929688,2067432
657,2022-09-19 00:00:00+05:30,530.0999755859375,539.0,519.0499877929688,521.5,1016722
658,2022-09-20 00:00:00+05:30,523.9000244140625,529.5,515.5,520.3499755859375,420337
659,2022-09-21 00:00:00+05:30,521.0,526.9000244140625,508.0,512.9000244140625,302108
660,2022-09-22 00:00:00+05:30,510.0,530.0,510.0,517.0,533665
661,2022-09-23 00:00:00+05:30,520.0,525.0,510.0,510.8999938964844,261686
662,2022-09-26 00:00:00+05:30,506.95001220703125,507.8500061035156,487.5,498.6499938964844,329502
663,2022-09-27 00:00:00+05:30,500.0,505.75,489.79998779296875,494.20001220703125,232836
664,2022-09-28 00:00:00+05:30,492.0,505.0,487.29998779296875,491.25,230171
665,2022-09-29 00:00:00+05:30,494.45001220703125,513.4000244140625,492.20001220703125,497.8500061035156,219623
666,2022-09-30 00:00:00+05:30,497.95001220703125,512.0,493.6499938964844,502.95001220703125,316295
667,2022-10-03 00:00:00+05:30,504.20001220703125,514.8499755859375,496.3500061035156,509.1499938964844,319700
668,2022-10-04 00:00:00+05:30,514.0,516.7999877929688,509.0,510.3999938964844,164137
669,2022-10-06 00:00:00+05:30,513.0,524.0,508.0,510.54998779296875,324740
670,2022-10-07 00:00:00+05:30,513.7999877929688,519.0,505.54998779296875,513.8499755859375,288784
671,2022-10-10 00:00:00+05:30,509.79998779296875,512.7000122070312,503.25,504.95001220703125,412720
672,2022-10-11 00:00:00+05:30,503.29998779296875,515.5499877929688,498.0,500.25,338512
673,2022-10-12 00:00:00+05:30,502.8999938964844,506.6000061035156,495.70001220703125,500.8999938964844,159669
674,2022-10-13 00:00:00+05:30,500.3999938964844,509.0,500.1000061035156,508.04998779296875,306375
675,2022-10-14 00:00:00+05:30,512.0,517.7999877929688,507.5,509.1000061035156,408687
676,2022-10-17 00:00:00+05:30,508.8999938964844,518.0,502.20001220703125,505.95001220703125,469793
677,2022-10-18 00:00:00+05:30,508.6000061035156,521.9000244140625,507.95001220703125,514.9000244140625,625205
678,2022-10-19 00:00:00+05:30,517.7999877929688,523.9000244140625,514.0,515.1500244140625,301152
679,2022-10-20 00:00:00+05:30,512.0,527.9000244140625,512.0,520.5499877929688,505764
680,2022-10-21 00:00:00+05:30,523.2000122070312,527.9000244140625,519.2999877929688,521.7999877929688,400894
681,2022-10-24 00:00:00+05:30,528.0,529.0,523.5,525.9000244140625,96278
682,2022-10-25 00:00:00+05:30,527.4000244140625,533.2000122070312,523.8499755859375,529.9500122070312,303429
683,2022-10-27 00:00:00+05:30,531.2000122070312,540.7999877929688,473.20001220703125,507.0,1534089
684,2022-10-28 00:00:00+05:30,501.0,506.6499938964844,477.0,480.20001220703125,1827287
685,2022-10-31 00:00:00+05:30,484.8999938964844,498.0,475.1000061035156,492.6000061035156,840112
686,2022-11-01 00:00:00+05:30,494.79998779296875,504.20001220703125,490.54998779296875,497.3500061035156,478728
687,2022-11-02 00:00:00+05:30,498.8999938964844,501.75,491.1499938964844,492.8500061035156,200533
688,2022-11-03 00:00:00+05:30,490.79998779296875,497.75,488.1000061035156,489.95001220703125,345867
689,2022-11-04 00:00:00+05:30,492.3999938964844,495.5,484.0,486.75,222534
690,2022-11-07 00:00:00+05:30,485.0,489.8999938964844,480.0,481.95001220703125,213020
691,2022-11-09 00:00:00+05:30,477.0,479.79998779296875,459.25,466.8500061035156,777383
692,2022-11-10 00:00:00+05:30,460.5,464.5,455.04998779296875,462.0,358682
693,2022-11-11 00:00:00+05:30,462.3999938964844,475.0,460.0,469.79998779296875,355370
694,2022-11-14 00:00:00+05:30,469.79998779296875,473.45001220703125,455.1000061035156,455.95001220703125,327143
695,2022-11-15 00:00:00+05:30,457.25,461.3500061035156,450.0,451.1000061035156,769439
696,2022-11-16 00:00:00+05:30,450.95001220703125,470.0,448.8500061035156,468.6499938964844,449889
697,2022-11-17 00:00:00+05:30,470.79998779296875,471.0,458.1000061035156,460.54998779296875,209082
698,2022-11-18 00:00:00+05:30,462.25,463.95001220703125,451.54998779296875,454.29998779296875,328398
699,2022-11-21 00:00:00+05:30,450.0,453.6499938964844,443.8500061035156,445.8500061035156,436618
700,2022-11-22 00:00:00+05:30,448.1000061035156,458.6499938964844,447.1000061035156,450.70001220703125,876500
701,2022-11-23 00:00:00+05:30,454.0,465.1499938964844,450.6000061035156,452.6000061035156,383322
702,2022-11-24 00:00:00+05:30,457.04998779296875,474.95001220703125,456.3500061035156,473.25,1475614
703,2022-11-25 00:00:00+05:30,473.0,475.8500061035156,466.0,470.5,1434655
704,2022-11-28 00:00:00+05:30,470.0,482.0,467.54998779296875,472.04998779296875,725048
705,2022-11-29 00:00:00+05:30,472.79998779296875,475.3999938964844,465.0,467.25,173161
706,2022-11-30 00:00:00+05:30,469.5,478.8999938964844,465.5,473.1000061035156,1376616
707,2022-12-01 00:00:00+05:30,477.3999938964844,479.1000061035156,467.0,467.8500061035156,337088
708,2022-12-02 00:00:00+05:30,470.45001220703125,472.8999938964844,466.04998779296875,470.6000061035156,228282
709,2022-12-05 00:00:00+05:30,472.79998779296875,494.25,472.75,492.1499938964844,798461
710,2022-12-06 00:00:00+05:30,492.0,492.0,473.25,474.79998779296875,592234
711,2022-12-07 00:00:00+05:30,477.20001220703125,485.8999938964844,475.0,480.0,297959
712,2022-12-08 00:00:00+05:30,481.79998779296875,489.0,478.8999938964844,485.54998779296875,198600
713,2022-12-09 00:00:00+05:30,488.0,488.0,481.0,483.04998779296875,176165
714,2022-12-12 00:00:00+05:30,482.95001220703125,488.75,479.29998779296875,486.79998779296875,138003
715,2022-12-13 00:00:00+05:30,488.8500061035156,492.5,484.0,487.3999938964844,156947
716,2022-12-14 00:00:00+05:30,489.70001220703125,491.04998779296875,481.29998779296875,483.1499938964844,105287
717,2022-12-15 00:00:00+05:30,483.1499938964844,487.95001220703125,475.6499938964844,479.95001220703125,120449
718,2022-12-16 00:00:00+05:30,480.0,486.0,479.20001220703125,483.75,191899
719,2022-12-19 00:00:00+05:30,485.95001220703125,485.95001220703125,476.04998779296875,482.29998779296875,135977
720,2022-12-20 00:00:00+05:30,483.0,484.8500061035156,478.29998779296875,483.79998779296875,120823
721,2022-12-21 00:00:00+05:30,485.3500061035156,487.25,475.0,476.3500061035156,373242
722,2022-12-22 00:00:00+05:30,476.0,479.20001220703125,461.1000061035156,469.8500061035156,243035
723,2022-12-23 00:00:00+05:30,465.0,468.04998779296875,456.79998779296875,461.25,322376
724,2022-12-26 00:00:00+05:30,457.1000061035156,473.5,454.0,467.95001220703125,100555
725,2022-12-27 00:00:00+05:30,470.29998779296875,476.0,467.0,469.45001220703125,124077
726,2022-12-28 00:00:00+05:30,472.20001220703125,478.1000061035156,470.0,471.1000061035156,136462
727,2022-12-29 00:00:00+05:30,471.5,474.29998779296875,468.04998779296875,470.75,73678
